"","p_val","avg_log2FC","pct.1","pct.2","p_val_adj","cluster","gene"
"Ear2.4",3.46801297402501e-48,3.36596335202518,0.952,0.007,5.81065573797891e-44,"Monocytes","Ear2"
"Ace.6",1.39275349184052e-47,3.21285348523302,0.952,0.015,2.33355847557879e-43,"Monocytes","Ace"
"Adgre4.7",1.44166382955025e-44,2.82165228556642,0.905,0.013,2.41550774641144e-40,"Monocytes","Adgre4"
"Itgal.10",4.00939314603486e-42,3.24165268514563,1,0.187,6.71773821618141e-38,"Monocytes","Itgal"
"Eno3.6",4.06204106331853e-39,2.8076453687489,0.857,0.04,6.80594980159019e-35,"Monocytes","Eno3"
"Cd300e.1",5.42501778200385e-33,2.21699454297713,0.714,0.002,9.08961729374744e-29,"Monocytes","Cd300e"
"Treml4.8",1.45034032199454e-32,2.63050148791974,0.952,0.033,2.43004520950185e-28,"Monocytes","Treml4"
"Gngt2.12",1.20339864726151e-30,2.45320036659624,1,0.644,2.01629443348666e-26,"Monocytes","Gngt2"
"S1pr5.4",1.52561387430413e-29,1.98883387440646,0.714,0.004,2.55616604639657e-25,"Monocytes","S1pr5"
"Nr4a1.6",3.35661689197126e-24,2.66664002702938,0.857,0.055,5.62401160249785e-20,"Monocytes","Nr4a1"
"Myo1g.9",4.02775411031936e-23,2.09271831505534,0.905,0.129,6.74850201184008e-19,"Monocytes","Myo1g"
"Krt80.10",1.0920074865711e-22,2.14965102724137,0.619,0.075,1.82965854374988e-18,"Monocytes","Krt80"
"Spn.9",1.14850139929983e-22,2.35608942728181,0.762,0.062,1.92431409452686e-18,"Monocytes","Spn"
"Hfe.11",1.55358289278695e-22,2.16397080850422,0.905,0.232,2.60302813686454e-18,"Monocytes","Hfe"
"Smc6.8",4.78494305040265e-21,2.15848939826424,0.905,0.209,8.01717208094964e-17,"Monocytes","Smc6"
"Fabp4.3",8.48589861397194e-21,2.2902999148131,0.571,0.006,1.421812312771e-16,"Monocytes","Fabp4"
"Cybb.11",1.19718641317334e-20,2.78405277321588,0.952,0.294,2.00588583527194e-16,"Monocytes","Cybb"
"Itga4.10",8.9440589632107e-20,2.2714163136816,0.905,0.186,1.49857707928595e-15,"Monocytes","Itga4"
"Nadk.11",1.09873627155689e-19,1.97732459457921,0.952,0.265,1.84093262299357e-15,"Monocytes","Nadk"
"Grk3.10",2.41030412399044e-19,1.86732177411831,0.762,0.082,4.03846455974599e-15,"Monocytes","Grk3"
"Prr13.10",3.59793931881041e-19,2.10035521254553,0.905,0.432,6.02834732866684e-15,"Monocytes","Prr13"
"Stk10.9",6.27166019023413e-19,1.94090026762041,0.81,0.165,1.05081666487373e-14,"Monocytes","Stk10"
"Stap1.9",1.00259988769228e-18,1.97904053168422,0.81,0.09,1.67985611182842e-14,"Monocytes","Stap1"
"Clec4a3.12",2.09962660667159e-18,2.08302176593865,1,0.356,3.51792437947825e-14,"Monocytes","Clec4a3"
"Atp1a1.8",5.38488010398095e-18,1.79807564131556,0.905,0.386,9.02236661422009e-14,"Monocytes","Atp1a1"
"Clec4a1.12",7.49776636932356e-18,2.07242968081541,0.857,0.155,1.25625075518016e-13,"Monocytes","Clec4a1"
"Rasgrp2.8",8.85549631345843e-18,1.8864442124582,0.81,0.086,1.48373840731996e-13,"Monocytes","Rasgrp2"
"Gpx1.12",1.59927918366136e-17,1.97606843931723,1,0.78,2.67959227222461e-13,"Monocytes","Gpx1"
"Gm2a.12",2.60356585768268e-17,1.85587306438757,1,0.518,4.36227459454733e-13,"Monocytes","Gm2a"
"Ceacam1.9",4.13788057682328e-17,1.89238082516381,0.667,0.073,6.9330189064674e-13,"Monocytes","Ceacam1"
"Pou2f2.11",1.08757988586656e-16,1.978388948591,1,0.377,1.82224009876942e-12,"Monocytes","Pou2f2"
"Adgre5.9",2.18031773119115e-16,2.32156791703174,0.857,0.224,3.65312235861077e-12,"Monocytes","Adgre5"
"Klf4.9",3.88304626391817e-16,2.09944879974441,0.81,0.103,6.5060440151949e-12,"Monocytes","Klf4"
"Rras.10",1.77202544440274e-15,1.61807925557778,0.81,0.177,2.96902863209679e-11,"Monocytes","Rras"
"Ywhaz.10",2.06521739540866e-15,1.61704136663068,0.81,0.619,3.4602717460072e-11,"Monocytes","Ywhaz"
"Rap1b.9",2.24511891874524e-15,1.51176285268439,0.952,0.733,3.76169674835766e-11,"Monocytes","Rap1b"
"Flna.9",4.42432265563458e-15,1.91839803183627,0.857,0.287,7.41295260951574e-11,"Monocytes","Flna"
"Nxpe4.7",5.31199988553895e-15,1.3780487470123,0.429,0.023,8.90025580822051e-11,"Monocytes","Nxpe4"
"Cd300ld.12",1.00324745206544e-14,2.04588087159554,0.857,0.175,1.68094110593565e-10,"Monocytes","Cd300ld"
"Pglyrp1.10",2.35361250726473e-14,1.81593822019748,0.905,0.135,3.94347775592205e-10,"Monocytes","Pglyrp1"
"Itgb2.10",3.47276433742884e-14,1.56396007468413,1,0.601,5.81861664736202e-10,"Monocytes","Itgb2"
"Napsa.9",3.86719953561372e-14,2.04350524051397,0.905,0.281,6.47949282192079e-10,"Monocytes","Napsa"
"Lsp1.11",6.32466010556226e-14,1.85397225130742,1,0.436,1.05969680068696e-09,"Monocytes","Lsp1"
"Ryr1.8",1.23170108501406e-13,1.15770706772912,0.333,0.013,2.06371516794105e-09,"Monocytes","Ryr1"
"Rap1a.9",1.58523765635993e-13,1.43688330421,1,0.602,2.65606569323106e-09,"Monocytes","Rap1a"
"Cytip.11",2.15542001124034e-13,1.77946665075283,0.952,0.251,3.61140622883319e-09,"Monocytes","Cytip"
"Rbpms.9",3.13292505594612e-13,1.58743565143105,0.857,0.151,5.24921593123773e-09,"Monocytes","Rbpms"
"Arhgef10l.11",3.15947238899952e-13,1.42376671063935,0.524,0.078,5.2936959877687e-09,"Monocytes","Arhgef10l"
"L1cam.5",3.62734575678372e-13,1.33277352176399,0.476,0.016,6.07761781549112e-09,"Monocytes","L1cam"
"Tln1.10",7.40978483426029e-13,1.4396996609803,0.905,0.6,1.24150944898031e-08,"Monocytes","Tln1"
"Smpdl3a.9",1.47967913562665e-12,1.76216517060258,0.81,0.298,2.47920239174246e-08,"Monocytes","Smpdl3a"
"Tnfrsf1b.11",1.48332964940423e-12,1.6690530251793,1,0.398,2.48531882757678e-08,"Monocytes","Tnfrsf1b"
"Ptprc.11",2.12801261723644e-12,1.46859649101523,1,0.768,3.56548514017965e-08,"Monocytes","Ptprc"
"Unc119.9",2.74284821852366e-12,1.6334119723729,0.81,0.142,4.59564219013639e-08,"Monocytes","Unc119"
"Tmem51.10",3.4792482750829e-12,1.24484705588947,0.619,0.067,5.8294804849014e-08,"Monocytes","Tmem51"
"Klf13.10",5.38196186972943e-12,1.48872619467482,0.952,0.393,9.01747711273167e-08,"Monocytes","Klf13"
"Zfp706.10",6.49869095871751e-12,1.36585260796625,0.952,0.509,1.08885567013312e-07,"Monocytes","Zfp706"
"Nfkb1.10",7.27781473336099e-12,1.66854299158946,0.81,0.319,1.21939785857463e-07,"Monocytes","Nfkb1"
"Basp1.11",1.01275161206232e-11,-3.03335512747041,0,0.68,1.69686532601042e-07,"Monocytes","Basp1"
"Ldlrad3.4",1.18221187670209e-11,0.914412645119462,0.429,0.013,1.98079599941435e-07,"Monocytes","Ldlrad3"
"Gm15987.10",1.80485904066076e-11,1.29774736245714,0.476,0.037,3.0240413226271e-07,"Monocytes","Gm15987"
"Pot1b.7",2.91348985415902e-11,1.19307252716754,0.667,0.075,4.88155225064344e-07,"Monocytes","Pot1b"
"Skint3.4",3.45250595046187e-11,1.3566113442691,0.333,0.011,5.78467371999886e-07,"Monocytes","Skint3"
"Dusp16.8",3.70758957872205e-11,1.66301032466373,0.619,0.083,6.2120663391488e-07,"Monocytes","Dusp16"
"Agpat4.9",4.113730107526e-11,1.45225654101432,0.667,0.137,6.89255479515982e-07,"Monocytes","Agpat4"
"S100a4.12",4.61571684121122e-11,1.12015549553416,1,0.31,7.73363356744941e-07,"Monocytes","S100a4"
"Cd300a.10",5.3864182993243e-11,1.55731386815108,0.905,0.358,9.02494386051786e-07,"Monocytes","Cd300a"
"Scarb1.9",5.65424481238239e-11,1.21672960683302,0.619,0.078,9.4736871831467e-07,"Monocytes","Scarb1"
"Tkt.9",6.07490276082271e-11,1.3643872004539,0.857,0.4,1.01784995757584e-06,"Monocytes","Tkt"
"Tppp3.11",6.53914046386966e-11,1.83651935118365,0.476,0.046,1.09563298472136e-06,"Monocytes","Tppp3"
"Coro1a.12",7.41288098452647e-11,1.32668892403548,1,0.816,1.24202820895741e-06,"Monocytes","Coro1a"
"Nupr1.10",7.74227338260958e-11,1.5950718040586,0.81,0.291,1.29721790525623e-06,"Monocytes","Nupr1"
"Hip1.7",8.16377141979648e-11,1.33126322327887,0.619,0.077,1.3678399013869e-06,"Monocytes","Hip1"
"Stk38.9",9.4058493933364e-11,1.50759397195178,0.857,0.303,1.57595006585351e-06,"Monocytes","Stk38"
"Degs1.9",1.48920771762721e-10,1.60651172259195,0.714,0.217,2.49516753088439e-06,"Monocytes","Degs1"
"Smpdl3b.8",1.51330110696455e-10,1.34538119308897,0.476,0.047,2.5355360047191e-06,"Monocytes","Smpdl3b"
"Il17ra.9",1.51506592743357e-10,1.42731094243299,0.905,0.281,2.53849296141495e-06,"Monocytes","Il17ra"
"Fgr.12",1.5739834068502e-10,1.54685058574052,0.857,0.295,2.63720919817752e-06,"Monocytes","Fgr"
"Ifitm6.10",2.94194819838994e-10,1.47537949357999,0.857,0.189,4.92923420640235e-06,"Monocytes","Ifitm6"
"Tgfbr3.1",2.99142505038309e-10,1.15656119017119,0.286,0.003,5.01213267191686e-06,"Monocytes","Tgfbr3"
"Fyb.9",3.32249899978896e-10,1.4408734914729,1,0.639,5.5668470741464e-06,"Monocytes","Fyb"
"Cd36.5",3.44067283952535e-10,1.28008232477947,0.429,0.017,5.76484734262473e-06,"Monocytes","Cd36"
"Pparg.1",4.35399043673615e-10,0.937947213135346,0.286,0.005,7.29511097675142e-06,"Monocytes","Pparg"
"Sept9.11",1.08850955074511e-09,1.35403862181011,0.524,0.133,1.82379775227343e-05,"Monocytes","Sept9"
"Slc44a2.8",1.41952458640956e-09,1.41862614351383,0.714,0.15,2.37841344452922e-05,"Monocytes","Slc44a2"
"Calm1.10",1.56953609752907e-09,1.22612438033105,1,0.898,2.62975773140996e-05,"Monocytes","Calm1"
"Cyth3.7",1.79952926063109e-09,1.2884148923415,0.571,0.092,3.01511127618738e-05,"Monocytes","Cyth3"
"Msn.10",2.75014897853472e-09,1.28772331293654,0.952,0.717,4.60787461353493e-05,"Monocytes","Msn"
"Lst1.12",2.75375984554492e-09,1.3739109723403,1,0.688,4.61392462121052e-05,"Monocytes","Lst1"
"B4galnt1.11",4.48105562716772e-09,1.33657517724955,0.714,0.208,7.50800870331952e-05,"Monocytes","B4galnt1"
"Samsn1.10",4.87109471893182e-09,1.22505505841692,1,0.504,8.16151920157027e-05,"Monocytes","Samsn1"
"Fam49a.6",5.34928029910502e-09,1.25588870697816,0.476,0.077,8.96271914115045e-05,"Monocytes","Fam49a"
"Apoc2.11",5.80071171083078e-09,2.18869067466456,0.857,0.283,9.71909247149697e-05,"Monocytes","Apoc2"
"Ly6e.12",6.56732215110841e-09,1.25334682765468,1,0.806,0.000110035482641821,"Monocytes","Ly6e"
"Gm42418.8",7.09026405152302e-09,1.11033998588742,1,1,0.000118797374183268,"Monocytes","Gm42418"
"Gm16120",7.24996367015664e-09,0.516858675942238,0.19,0,0.000121473141293475,"Monocytes","Gm16120"
"Ptpn6.11",7.54166310988878e-09,1.27735080190709,0.952,0.507,0.000126360565406187,"Monocytes","Ptpn6"
"Stk24.9",8.68528925455674e-09,1.35575192087817,0.714,0.251,0.000145522021460098,"Monocytes","Stk24"
"Gm31814.11",9.38007279400815e-09,1.39164693509919,0.571,0.068,0.000157163119663607,"Monocytes","Gm31814"
"Klf2.11",1.18672274015324e-08,1.57599494432079,0.905,0.335,0.000198835395112675,"Monocytes","Klf2"
"Serpinb2.4",1.33102956531835e-08,0.725764795005619,0.333,0.012,0.00022301400366909,"Monocytes","Serpinb2"
"Xdh.10",1.35054809358645e-08,1.09534394952299,0.667,0.119,0.000226284333080409,"Monocytes","Xdh"
"Rap1gap2.3",1.44960885461856e-08,0.98760855996213,0.476,0.039,0.000242881963591341,"Monocytes","Rap1gap2"
"Hes1.6",1.47399799458622e-08,1.44254139081771,0.429,0.04,0.00024696836399292,"Monocytes","Hes1"
"Tiam2.4",2.16600276116197e-08,0.795249265749525,0.333,0.013,0.000362913762632688,"Monocytes","Tiam2"
"Fmnl1.8",2.32667444177415e-08,1.2681762272018,0.857,0.323,0.000389834302719259,"Monocytes","Fmnl1"
"Plac8.11",2.48086717601694e-08,1.36713853738275,0.952,0.345,0.000415669295341639,"Monocytes","Plac8"
"Metrnl.10",2.65668215895677e-08,1.55493087465289,0.667,0.244,0.000445127095733208,"Monocytes","Metrnl"
"Sh3bgrl.10",3.79302883008539e-08,1.29971435229087,0.762,0.277,0.000635521980480807,"Monocytes","Sh3bgrl"
"C1qc.12",4.16809476760663e-08,-5.1210099892646,0,0.526,0.000698364278312491,"Monocytes","C1qc"
"Cbfa2t3.8",4.64359574643956e-08,1.27841697088024,0.619,0.122,0.000778034467315948,"Monocytes","Cbfa2t3"
"Abi3.10",4.96290918999422e-08,1.29880802483654,0.857,0.425,0.000831535434783531,"Monocytes","Abi3"
"Abcg3.4",5.826757742548e-08,0.68854650170498,0.381,0.022,0.000976273259763917,"Monocytes","Abcg3"
"Pilrb2.11",8.9047008494205e-08,1.24233123909442,0.619,0.109,0.0014919826273204,"Monocytes","Pilrb2"
"Rnase6.9",9.85786511789656e-08,1.22664630878424,0.667,0.137,0.00165168530050357,"Monocytes","Rnase6"
"Plagl2.7",1.27449456470416e-07,1.10243903071002,0.571,0.094,0.00213541564316182,"Monocytes","Plagl2"
"Ap1s2.10",1.27923034665032e-07,1.29092613909155,0.714,0.275,0.00214335044581261,"Monocytes","Ap1s2"
"Itgb1.11",1.49842625430817e-07,1.23133588612985,0.81,0.527,0.00251061318909333,"Monocytes","Itgb1"
"Nod1.8",1.61664865711532e-07,0.928739886659428,0.476,0.051,0.00270869482499671,"Monocytes","Nod1"
"Mbp.7",1.7557439179018e-07,1.2345268799607,0.571,0.111,0.00294174893444446,"Monocytes","Mbp"
"Csgalnact2.7",1.7651251359457e-07,1.11597278502694,0.476,0.068,0.00295746716527701,"Monocytes","Csgalnact2"
"Mdm1.3",2.41115955864542e-07,0.919369982446591,0.333,0.017,0.0040398978405104,"Monocytes","Mdm1"
"Gda.12",2.58490297574664e-07,1.53123669216747,0.762,0.234,0.0043310049358635,"Monocytes","Gda"
"Iqgap1.11",2.59047572722161e-07,1.26695166748954,0.952,0.468,0.0043403420809598,"Monocytes","Iqgap1"
"Cop1.8",2.60394559729177e-07,1.02290244450435,0.714,0.169,0.00436291084826237,"Monocytes","Cop1"
"Fzd7.6",2.67147687680141e-07,0.891284303943501,0.286,0.021,0.00447605950708076,"Monocytes","Fzd7"
"Nfam1.11",2.74775279751334e-07,1.38891462645917,0.762,0.337,0.0046038598122336,"Monocytes","Nfam1"
"Nabp1.12",2.85094595945935e-07,1.2293877898667,0.667,0.15,0.00477675995507414,"Monocytes","Nabp1"
"C1qa.12",2.93503002850024e-07,-4.85930146464814,0.238,0.509,0.00491764281275216,"Monocytes","C1qa"
"C1qb.12",3.0229668969063e-07,-5.41094999711698,0.048,0.569,0.0050649810357665,"Monocytes","C1qb"
"Cd300ld3",4.19713339221142e-07,0.645712628964235,0.19,0.002,0.00703229699865023,"Monocytes","Cd300ld3"
"Sh2d1b1.10",4.55115929634527e-07,0.891857434343271,0.381,0.055,0.0076254674010265,"Monocytes","Sh2d1b1"
"Slc12a2.10",4.82526586702913e-07,1.65072482655407,0.476,0.102,0.0080847329602073,"Monocytes","Slc12a2"
"Elmo2.7",5.14183342626238e-07,1.0910659285361,0.429,0.094,0.00861514190570262,"Monocytes","Elmo2"
"Ctsd.12",5.18426355522121e-07,-3.07097218568293,0.619,0.857,0.00868623358677315,"Monocytes","Ctsd"
"Rassf3.9",5.62773811320365e-07,1.27738714078558,0.619,0.146,0.00942927520867271,"Monocytes","Rassf3"
"Rassf5.9",6.07321137896108e-07,1.23969834226323,0.619,0.174,0.0101756656654493,"Monocytes","Rassf5"
"Gpr141.11",6.71548433432072e-07,1.15923990080951,0.619,0.127,0.0112517940021544,"Monocytes","Gpr141"
"Arhgef1.11",6.85373508717572e-07,1.15435455256072,0.81,0.31,0.0114834331385629,"Monocytes","Arhgef1"
"Rab10.8",6.89724616772637e-07,1.06589796996571,0.857,0.378,0.0115563359540255,"Monocytes","Rab10"
"Cd63.9",7.23464410517484e-07,-3.14755986519197,0.095,0.588,0.0121216461982204,"Monocytes","Cd63"
"Lyz2.12",8.19542863536883e-07,1.10832026551927,1,0.793,0.0137314406785605,"Monocytes","Lyz2"
"Filip1l.10",9.45462977292308e-07,1.28136087109165,0.619,0.207,0.0158412321845326,"Monocytes","Filip1l"
"Fcgr4.12",9.8730628256264e-07,1.31243905056814,0.81,0.325,0.016542316764337,"Monocytes","Fcgr4"
"Kctd12b.3",9.92782867072944e-07,0.796902260012037,0.286,0.012,0.0166340769378072,"Monocytes","Kctd12b"
"Hck.12",1.29756724134494e-06,1.08916911291604,0.905,0.458,0.0217407391287345,"Monocytes","Hck"
"Npc2.11",1.34193520912134e-06,-1.2484172587965,0.905,0.837,0.022484124428828,"Monocytes","Npc2"
"B4galt5.11",1.44887903642397e-06,1.02109165603659,0.619,0.143,0.0242759682552837,"Monocytes","B4galt5"
"Cyp4f18.10",1.45077242535149e-06,1.19367636342662,0.81,0.278,0.0243076919867642,"Monocytes","Cyp4f18"
"Zfyve9.7",1.46475784076182e-06,0.885488033817027,0.286,0.03,0.0245420176219643,"Monocytes","Zfyve9"
"Bri3bp.10",1.46579061438984e-06,1.11068693772642,0.476,0.124,0.0245593217441018,"Monocytes","Bri3bp"
"Gm9733.10",1.49511445091551e-06,1.32082408523677,0.429,0.074,0.0250506426250893,"Monocytes","Gm9733"
"Palm.9",1.58496666636966e-06,0.650408915398073,0.381,0.034,0.0265561164950236,"Monocytes","Palm"
"Prkcd.10",1.64724913577305e-06,1.18820203309199,0.857,0.417,0.0275996592698775,"Monocytes","Prkcd"
"Lnpep.9",1.95068137881183e-06,1.25368377866307,0.762,0.367,0.0326836665019923,"Monocytes","Lnpep"
"Capg.9",2.15631439806175e-06,-1.80296765106542,0,0.43,0.0361290477395247,"Monocytes","Capg"
"Scp2.10",2.27510335133079e-06,1.05731457332764,0.857,0.494,0.0381193566515473,"Monocytes","Scp2"
"Ifitm3.12",2.30197632715341e-06,1.00778126339283,1,0.636,0.0385696133614554,"Monocytes","Ifitm3"
"Rara.8",2.4643349079697e-06,1.22264499100895,0.524,0.135,0.0412899313830323,"Monocytes","Rara"
"Tspo.12",2.53442103549854e-06,-1.68540704110402,0.571,0.822,0.0424642244497781,"Monocytes","Tspo"
"Lyn.10",2.56949348263673e-06,1.06307303912399,0.952,0.679,0.0430518633015784,"Monocytes","Lyn"
"Lgals3.12",2.68540589138968e-06,-0.0247922808519303,1,0.551,0.0449939757102342,"Monocytes","Lgals3"
"Bcl2.11",3.43091845302203e-06,0.776147570117098,0.429,0.057,0.0574850386803842,"Monocytes","Bcl2"
"Adcy7.10",3.46778387840012e-06,1.07748681547791,0.524,0.164,0.0581027188825941,"Monocytes","Adcy7"
"Tnfsf13.11",3.47710720866056e-06,1.04899360462233,0.571,0.144,0.0582589312811077,"Monocytes","Tnfsf13"
"Ctsl.12",3.55116883831916e-06,-3.18852161209137,0.238,0.646,0.0594998338860375,"Monocytes","Ctsl"
"Clec2i.12",3.87685787283844e-06,0.911717047901307,0.429,0.059,0.0649567536594081,"Monocytes","Clec2i"
"Tmcc1.9",3.99192394815154e-06,1.0864291982946,0.714,0.21,0.0668846857512791,"Monocytes","Tmcc1"
"Aif1.12",4.03263255071176e-06,-2.48861834328754,0.095,0.572,0.0675667583871755,"Monocytes","Aif1"
"Sirpb1b.12",4.19940334738472e-06,0.804313603357594,0.571,0.119,0.0703610030854309,"Monocytes","Sirpb1b"
"Ptk2b.8",4.21334119390381e-06,1.12224465405745,0.667,0.206,0.0705945317038583,"Monocytes","Ptk2b"
"Fth1.11",4.57224718247305e-06,-3.10715140280748,1,0.998,0.076608001542336,"Monocytes","Fth1"
"Itgax.8",4.81650210240918e-06,1.13229992559207,0.429,0.08,0.0807004927258657,"Monocytes","Itgax"
"Samhd1.11",4.88633715045147e-06,1.21661139581765,0.857,0.461,0.0818705789558144,"Monocytes","Samhd1"
"Klhl5.8",4.90938482319501e-06,0.745630637440129,0.524,0.095,0.0822567427126323,"Monocytes","Klhl5"
"Atp1a3.10",5.4430253528429e-06,1.03179821587787,0.429,0.092,0.0911978897868828,"Monocytes","Atp1a3"
"Cebpb.11",5.44490454300179e-06,1.13400562240414,0.952,0.753,0.091229375617995,"Monocytes","Cebpb"
"Lcp1.10",5.94799448641063e-06,0.969213087888086,0.952,0.74,0.09965864761981,"Monocytes","Lcp1"
"Ptprj.12",6.37211691883565e-06,1.10143701464919,0.667,0.23,0.106764818975091,"Monocytes","Ptprj"
"Gk.9",6.52723468685826e-06,1.10320093352373,0.381,0.073,0.10936381717831,"Monocytes","Gk"
"Heg1.3",6.87244927952679e-06,0.662975567924546,0.238,0.009,0.115147887678471,"Monocytes","Heg1"
"Ppp1cb.9",6.87296662605489e-06,1.01473661036374,0.714,0.237,0.11515655581955,"Monocytes","Ppp1cb"
"H2-D1.11",7.43870172149172e-06,0.958502331173364,1,0.927,0.124635447343594,"Monocytes","H2-D1"
"Gfpt1.8",7.47541610523338e-06,0.993466666264446,0.524,0.119,0.125250596843185,"Monocytes","Gfpt1"
"Pbxip1.9",8.13862541735866e-06,1.18025021020783,0.667,0.277,0.136362668867844,"Monocytes","Pbxip1"
"Ube2g2.8",8.6455953650328e-06,0.958559353921222,0.429,0.094,0.144856950341125,"Monocytes","Ube2g2"
"Lrrfip1.9",8.67177204604663e-06,1.11383213375813,0.667,0.348,0.145295540631511,"Monocytes","Lrrfip1"
"Nup210.8",9.56079634979188e-06,0.860345504167547,0.333,0.041,0.160191142840763,"Monocytes","Nup210"
"Glud1.8",9.72369784695025e-06,1.05524740949817,0.667,0.348,0.162920557425651,"Monocytes","Glud1"
"Lilra5.7",1.0470978794785e-05,0.739708705448767,0.333,0.03,0.175441249706622,"Monocytes","Lilra5"
"Cd164.11",1.07563772668172e-05,-1.23986799525372,0,0.386,0.180223101105522,"Monocytes","Cd164"
"Foxn3.9",1.09691196968016e-05,1.04733976813787,0.714,0.254,0.18378760051991,"Monocytes","Foxn3"
"Grk5.6",1.10599197411417e-05,0.919299827883163,0.238,0.032,0.185308955262829,"Monocytes","Grk5"
"Zmiz1.10",1.13686904245079e-05,1.02266746253327,0.857,0.381,0.190482408062629,"Monocytes","Zmiz1"
"Sparc.11",1.14818446735786e-05,-3.39440538604943,0,0.384,0.192378307505809,"Monocytes","Sparc"
"Rgs10.11",1.15601135043484e-05,-2.29947983830916,0.19,0.634,0.193689701765357,"Monocytes","Rgs10"
"Ldlr.10",1.21372963898738e-05,0.905880602054419,0.333,0.061,0.203360401012335,"Monocytes","Ldlr"
"Xbp1.10",1.26563126496109e-05,1.13361622005895,0.714,0.359,0.212056518444231,"Monocytes","Xbp1"
"Syngr1.12",1.30757073495605e-05,-1.82318477865939,0,0.38,0.219083476641886,"Monocytes","Syngr1"
"Bcl6.8",1.45220260752152e-05,0.979680833283998,0.524,0.112,0.243316546890231,"Monocytes","Bcl6"
"Pmepa1.11",1.70574862495592e-05,-1.71666194003759,0,0.373,0.285798182111365,"Monocytes","Pmepa1"
"Clec2d.10",1.72679219975408e-05,1.16130942356645,0.905,0.502,0.289324033068797,"Monocytes","Clec2d"
"Anp32a.11",1.76536193748385e-05,1.04155457201975,0.857,0.548,0.295786392625418,"Monocytes","Anp32a"
"Sirpb1a.9",1.77769385798258e-05,0.628011966333004,0.286,0.023,0.297852605904982,"Monocytes","Sirpb1a"
"Cyfip2.10",1.94129709432381e-05,1.06259549217168,0.476,0.099,0.325264328153955,"Monocytes","Cyfip2"
"Rab29.7",2.05605048200631e-05,0.829477162455826,0.333,0.086,0.344491258260158,"Monocytes","Rab29"
"Dnah12.1",2.09136933365071e-05,0.357263162080025,0.143,0.001,0.350408931853177,"Monocytes","Dnah12"
"Tpr.12",2.19995418718225e-05,1.08696983700264,0.667,0.473,0.368602324062385,"Monocytes","Tpr"
"Tmem119.11",2.36346264397522e-05,-1.97869400137443,0,0.363,0.395998165998048,"Monocytes","Tmem119"
"P2ry12.11",2.38220297057296e-05,-2.66557656301966,0,0.363,0.399138107719499,"Monocytes","P2ry12"
"Ly86.12",2.42956592433293e-05,-2.66347483717873,0.476,0.632,0.407073770621982,"Monocytes","Ly86"
"Arhgef3.9",2.52850793373017e-05,0.777093338433139,0.476,0.09,0.42365150429649,"Monocytes","Arhgef3"
"Atp5a1.10",2.70751889075378e-05,0.825509533488367,0.762,0.555,0.453644790145796,"Monocytes","Atp5a1"
"Atg4d.5",2.97100443703861e-05,0.877413739149438,0.333,0.059,0.497791793425819,"Monocytes","Atg4d"
"Myadm.10",3.00581765442024e-05,0.918152304712149,0.714,0.252,0.503624747998111,"Monocytes","Myadm"
"Gpr183.12",3.16009497539165e-05,-1.25694580445976,0,0.355,0.529473913126871,"Monocytes","Gpr183"
"Add3.10",3.24938780551543e-05,1.11095371800504,0.524,0.141,0.544434926814111,"Monocytes","Add3"
"Eif4g2.10",3.30387154829424e-05,1.08729663220881,0.905,0.573,0.5535636779167,"Monocytes","Eif4g2"
"Prkch.10",3.31016773980802e-05,0.930808603938529,0.381,0.066,0.554618604804833,"Monocytes","Prkch"
"Slc9a6.3",3.44374250043874e-05,0.647419383175629,0.286,0.024,0.576999055948511,"Monocytes","Slc9a6"
"Nedd9.11",3.5047789369345e-05,0.945975727918958,0.476,0.094,0.587225710883375,"Monocytes","Nedd9"
"Lrrk2.9",3.53425045596718e-05,0.745817701418665,0.286,0.026,0.592163663897301,"Monocytes","Lrrk2"
"Fam129a.8",3.58311466147405e-05,0.891871308608979,0.571,0.155,0.600350861529977,"Monocytes","Fam129a"
"Nfatc3.8",3.6074660229537e-05,0.949947602427127,0.524,0.129,0.604430932145893,"Monocytes","Nfatc3"
"Ehbp1l1.8",3.63192641543528e-05,1.02475733591177,0.381,0.197,0.608529270906181,"Monocytes","Ehbp1l1"
"Ccdc50.10",3.75714170630752e-05,1.07417945047064,0.619,0.266,0.629509092891825,"Monocytes","Ccdc50"
"Pip4k2a.12",3.82244359990777e-05,0.769805507784123,0.762,0.285,0.640450425164547,"Monocytes","Pip4k2a"
"Gsr.12",3.85729257711366e-05,0.960181783095168,0.81,0.348,0.646289371295394,"Monocytes","Gsr"
"Snhg15.5",3.96459419553913e-05,0.742222610295992,0.381,0.053,0.664267757462581,"Monocytes","Snhg15"
"Dpep2.9",4.0368100947408e-05,0.762601889944974,0.333,0.04,0.676367531373821,"Monocytes","Dpep2"
"Mif.11",4.18178263692022e-05,-2.40667202868699,0.333,0.723,0.700657680815984,"Monocytes","Mif"
"Zfand5.11",4.28187283289642e-05,1.04811155249871,0.81,0.409,0.717427793151795,"Monocytes","Zfand5"
"Ms4a6c.12",4.33400174520199e-05,0.946773490415207,0.905,0.449,0.726161992408594,"Monocytes","Ms4a6c"
"Ptafr.11",4.40950046755901e-05,-1.34327084340441,0,0.344,0.738811803339512,"Monocytes","Ptafr"
"Capzb.10",4.41604792451387e-05,0.860370480595229,0.905,0.704,0.739908829752299,"Monocytes","Capzb"
"Ifitm2.11",4.60314806533969e-05,0.367055964839778,1,0.608,0.771257458347665,"Monocytes","Ifitm2"
"Scoc.12",4.61762227514709e-05,-1.59034557940941,0,0.343,0.773682612200895,"Monocytes","Scoc"
"Ywhab.9",4.77174229526493e-05,0.765143377844657,0.952,0.567,0.799505421571638,"Monocytes","Ywhab"
"Ldhb.12",4.94754245465776e-05,-1.58793601202549,0,0.341,0.828960738277907,"Monocytes","Ldhb"
"Nav1.10",5.00473175110545e-05,0.789725847632179,0.333,0.057,0.838542804897719,"Monocytes","Nav1"
"Tmc6.7",5.01453089755251e-05,0.693372152682935,0.429,0.074,0.840184651884923,"Monocytes","Tmc6"
"Chrac1.9",5.28226152356423e-05,0.917239397353619,0.714,0.309,0.885042918273187,"Monocytes","Chrac1"
"C3ar1.12",5.38150528121459e-05,-1.232336842695,0,0.338,0.901671209867505,"Monocytes","C3ar1"
"Stat3.8",5.86528971893234e-05,0.984194129994552,0.619,0.342,0.982729292407114,"Monocytes","Stat3"
"Cyp4f16.9",5.94581941271305e-05,0.681350637533922,0.333,0.057,0.996222042600071,"Monocytes","Cyp4f16"
"Ppp2r5a.10",6.0885650139618e-05,0.94613874315532,0.667,0.25,1,"Monocytes","Ppp2r5a"
"Tmsb10.12",6.11288637503149e-05,0.460950347848291,1,0.646,1,"Monocytes","Tmsb10"
"Emp3.11",6.3602764672616e-05,1.26968443520407,0.857,0.571,1,"Monocytes","Emp3"
"Ikbkb.8",6.5770056633457e-05,0.940457499457371,0.667,0.274,1,"Monocytes","Ikbkb"
"Tgm2.11",6.6750963575132e-05,1.16201300227641,0.667,0.243,1,"Monocytes","Tgm2"
"Cblb.9",6.81015612900898e-05,0.722045836062697,0.429,0.077,1,"Monocytes","Cblb"
"Fam126a.8",6.91019726027451e-05,0.672172181093492,0.381,0.057,1,"Monocytes","Fam126a"
"Msrb1.12",6.96644471947073e-05,0.690819967494116,0.952,0.553,1,"Monocytes","Msrb1"
"Hpgds.12",7.28810117369674e-05,-1.58549001233247,0,0.329,1,"Monocytes","Hpgds"
"Fcrls.11",7.52212861701523e-05,-2.98833802737642,0.048,0.404,1,"Monocytes","Fcrls"
"Itch.10",7.5477816719079e-05,1.03529172840751,0.714,0.312,1,"Monocytes","Itch"
"Galnt1.7",7.90625109541588e-05,1.03839276307855,0.571,0.222,1,"Monocytes","Galnt1"
"Tmem86a.12",7.9167323258842e-05,-1.05588480339825,0,0.327,1,"Monocytes","Tmem86a"
"N4bp2l1.7",8.10963233373159e-05,0.916012115509839,0.524,0.13,1,"Monocytes","N4bp2l1"
"Gm21188.12",8.14973540794439e-05,0.948470172952473,0.524,0.147,1,"Monocytes","Gm21188"
"Sipa1l3.5",8.15497447221366e-05,0.609729990600397,0.333,0.041,1,"Monocytes","Sipa1l3"
"Trps1.10",8.53548649709554e-05,1.0764689900797,0.524,0.181,1,"Monocytes","Trps1"
"Lgmn.12",8.76582436016435e-05,-2.28897124386133,0.524,0.635,1,"Monocytes","Lgmn"
"Ccr1.11",8.92466049506244e-05,-1.50469010679362,0,0.323,1,"Monocytes","Ccr1"
"Insr.10",9.0396238321787e-05,0.574100954200887,0.381,0.062,1,"Monocytes","Insr"
"S100a8.12",9.05898145751248e-05,-6.39734589833279,0,0.322,1,"Monocytes","S100a8"
"Rasa3.8",9.3652272654226e-05,0.797849402615603,0.619,0.193,1,"Monocytes","Rasa3"
"Cdc42ep3.10",9.87290531876961e-05,1.05593323987366,0.524,0.154,1,"Monocytes","Cdc42ep3"
"Dazap2.11",0.000101727206853705,0.904075744858952,0.81,0.523,1,"Monocytes","Dazap2"
"Gnb2.11",0.000101752019060281,0.704975647068473,1,0.722,1,"Monocytes","Gnb2"
"Pomp.10",0.000102331420734706,0.670315140061927,1,0.679,1,"Monocytes","Pomp"
"Atp6v0c.11",0.000103323365539215,-1.59609150877163,0.667,0.883,1,"Monocytes","Atp6v0c"
"Anxa3.12",0.000104339081628474,-1.50654878031555,0.048,0.439,1,"Monocytes","Anxa3"
"Ccdc88c.10",0.000105835262172406,0.875696729885892,0.333,0.048,1,"Monocytes","Ccdc88c"
"Nin.8",0.000106427846701742,0.8933908979911,0.429,0.127,1,"Monocytes","Nin"
"Ptger4.6",0.000107437555816087,0.617445555747645,0.333,0.043,1,"Monocytes","Ptger4"
"Mafb.11",0.000108661101187299,-1.61121694508051,0.429,0.495,1,"Monocytes","Mafb"
"Gns.11",0.000109521374627667,-0.220274561352969,0.143,0.449,1,"Monocytes","Gns"
"Naip6.9",0.000111549049446561,0.730558545800181,0.333,0.045,1,"Monocytes","Naip6"
"Abca7.7",0.00011198814610265,0.768454678254407,0.429,0.085,1,"Monocytes","Abca7"
"Mt1.12",0.000114347066411876,-2.05818364395937,0.048,0.46,1,"Monocytes","Mt1"
"Rnf166.9",0.000115995547852577,0.937212308611735,0.476,0.152,1,"Monocytes","Rnf166"
"Spi1.12",0.000117448562652441,0.710364487943735,1,0.742,1,"Monocytes","Spi1"
"Csf1r.12",0.000117473446397609,-0.177702422546806,1,0.665,1,"Monocytes","Csf1r"
"Thbd.7",0.000122153274505304,0.508196441813339,0.286,0.029,1,"Monocytes","Thbd"
"Mpc1.12",0.000124137611778691,-1.35515777170112,0.19,0.599,1,"Monocytes","Mpc1"
"Siglech.12",0.000130255822086813,-2.25612983347984,0,0.311,1,"Monocytes","Siglech"
"Phlda3.1",0.00013319733390245,0.868723816475976,0.143,0.007,1,"Monocytes","Phlda3"
"Cd14.11",0.000134606374397325,-2.15716219718603,0.095,0.513,1,"Monocytes","Cd14"
"Gramd4.7",0.000135059908877928,0.648692159166404,0.286,0.037,1,"Monocytes","Gramd4"
"St3gal4.9",0.000137163035628973,0.805987587704568,0.476,0.117,1,"Monocytes","St3gal4"
"Gng12.11",0.000138142140631568,-1.0458479318925,0,0.309,1,"Monocytes","Gng12"
"Slfn2.9",0.000150109371453108,0.466821946483906,1,0.643,1,"Monocytes","Slfn2"
"Vezf1.9",0.00015219480556051,1.00597785590657,0.429,0.14,1,"Monocytes","Vezf1"
"Bin1.11",0.000153055607864969,-1.5942917040581,0.048,0.441,1,"Monocytes","Bin1"
"Myo1f.8",0.000154457495885967,1.03932115746704,0.762,0.364,1,"Monocytes","Myo1f"
"Fyn.9",0.000161013626337587,0.982165305898117,0.429,0.12,1,"Monocytes","Fyn"
"Zbp1.11",0.000161068256843484,0.576886621185113,0.762,0.32,1,"Monocytes","Zbp1"
"Lrp1.11",0.000161691388842124,1.07077232005346,0.762,0.463,1,"Monocytes","Lrp1"
"Grn.12",0.000162969965223205,-1.71498778794808,0.524,0.708,1,"Monocytes","Grn"
"Ifngr1.12",0.000164977041983576,0.841708672780255,0.952,0.654,1,"Monocytes","Ifngr1"
"Lmo4.11",0.000165644621057917,1.13992152129744,0.667,0.28,1,"Monocytes","Lmo4"
"Cd81.12",0.000166484699065288,-2.81923575488791,0.143,0.463,1,"Monocytes","Cd81"
"Akt3.7",0.000172100362159525,0.496149138276938,0.095,0.05,1,"Monocytes","Akt3"
"Olfml3.11",0.000175590797843914,-2.60405608154095,0.048,0.395,1,"Monocytes","Olfml3"
"Ncor1.11",0.00018119751158599,0.741630691546837,0.857,0.44,1,"Monocytes","Ncor1"
"Notch2.8",0.000186265520283658,1.03810883680905,0.476,0.213,1,"Monocytes","Notch2"
"Maf.11",0.000188058172159302,-1.83597240451126,0.048,0.408,1,"Monocytes","Maf"
"Frmd8.7",0.000196445737633628,0.739354233846447,0.429,0.09,1,"Monocytes","Frmd8"
"Trem2.12",0.000197171607387429,-2.57189601283224,0.19,0.562,1,"Monocytes","Trem2"
"Map4k5.7",0.00020569839150718,0.79316007506886,0.286,0.04,1,"Monocytes","Map4k5"
"Itga6.11",0.000210676836371208,-1.15584392088314,0,0.296,1,"Monocytes","Itga6"
"H2-K1.11",0.000218885852395524,0.817886223308608,1,0.849,1,"Monocytes","H2-K1"
"Ccl12.12",0.000221579242930149,-2.69029109981842,0,0.294,1,"Monocytes","Ccl12"
"Stab1.11",0.000224792395750169,-1.00105429904743,0,0.294,1,"Monocytes","Stab1"
"Pilra.11",0.000225555676497351,0.925472443696374,0.714,0.296,1,"Monocytes","Pilra"
"Rbms1.9",0.000226496728067479,0.925108732178805,0.762,0.36,1,"Monocytes","Rbms1"
"Zbtb16.1",0.000228262807961634,0.504542980479675,0.143,0.004,1,"Monocytes","Zbtb16"
"Elovl5.7",0.000239130690524067,0.770157339469723,0.238,0.059,1,"Monocytes","Elovl5"
"B2m.11",0.000244349922178268,0.625328720653513,1,0.979,1,"Monocytes","B2m"
"Cstb.12",0.00025076624879979,-2.89873401526676,0.429,0.706,1,"Monocytes","Cstb"
"Map4k1.10",0.00025474423885368,0.75088517104091,0.333,0.057,1,"Monocytes","Map4k1"
"Sptan1.7",0.000256631776737056,0.955741864303693,0.429,0.127,1,"Monocytes","Sptan1"
"Prkcb.8",0.000264434564013001,0.927777690079772,0.476,0.127,1,"Monocytes","Prkcb"
"Bnip2.10",0.000267620235020392,0.845553936240741,0.762,0.369,1,"Monocytes","Bnip2"
"Ucp2.11",0.000268963768621354,0.82912375740813,0.952,0.705,1,"Monocytes","Ucp2"
"Ptpre.11",0.000273214094589949,1.07514411515311,0.714,0.375,1,"Monocytes","Ptpre"
"Irf2.9",0.00028687485414558,0.801099256115039,0.857,0.5,1,"Monocytes","Irf2"
"Aldh3b1.11",0.000288907106787171,0.91055420430726,0.476,0.145,1,"Monocytes","Aldh3b1"
"Timp2.12",0.000289453501973783,-1.77120469389651,0.095,0.472,1,"Monocytes","Timp2"
"Spp1.10",0.000292962392096861,-4.01425829560114,0,0.285,1,"Monocytes","Spp1"
"Cd44.10",0.000300091331779871,0.934717998511924,0.762,0.349,1,"Monocytes","Cd44"
"Fam43a.8",0.000309000274321329,0.510393304257595,0.238,0.023,1,"Monocytes","Fam43a"
"Mrtfa.5",0.000309179656893177,0.697354727173248,0.381,0.075,1,"Monocytes","Mrtfa"
"Evl.11",0.000311218839353928,0.813316497979757,0.429,0.27,1,"Monocytes","Evl"
"Plekho2.10",0.000315872398637071,1.03647543086398,0.571,0.234,1,"Monocytes","Plekho2"
"Slc5a11",0.000320070464835643,0.268756254472903,0.095,0,1,"Monocytes","Slc5a11"
"Akna.9",0.000326527946632575,0.946948277501163,0.571,0.201,1,"Monocytes","Akna"
"Actr3.10",0.000328491060394332,0.728551242234639,0.905,0.675,1,"Monocytes","Actr3"
"Gm5547.4",0.000340976627515325,0.62831579713782,0.286,0.037,1,"Monocytes","Gm5547"
"Ncoa1.6",0.000346549929972639,0.775151553087374,0.381,0.08,1,"Monocytes","Ncoa1"
"Inpp5f.8",0.000349681817227726,0.729600891449058,0.19,0.044,1,"Monocytes","Inpp5f"
"Flt1.4",0.000354922562698198,0.604703192747517,0.19,0.014,1,"Monocytes","Flt1"
"Plbd1.11",0.000360603399907462,0.985168963056397,0.714,0.311,1,"Monocytes","Plbd1"
"Frmd4a.12",0.000362412642347515,-1.05482369047298,0,0.278,1,"Monocytes","Frmd4a"
"Ifi30.12",0.000371826428396395,-1.51314324396026,0.571,0.678,1,"Monocytes","Ifi30"
"Cdkn1b.10",0.000372527049771888,0.908751276536012,0.667,0.3,1,"Monocytes","Cdkn1b"
"Elf4.7",0.000383380561086067,0.792089004225698,0.476,0.139,1,"Monocytes","Elf4"
"Gabarap.11",0.000391682207281725,-1.07544199101583,0.857,0.909,1,"Monocytes","Gabarap"
"Ier2.10",0.000405994256910966,1.11997033282845,0.667,0.345,1,"Monocytes","Ier2"
"Mllt10.7",0.000409213828283771,0.614859799728099,0.476,0.124,1,"Monocytes","Mllt10"
"Sat1.12",0.000424090855936577,0.95728957006771,0.952,0.808,1,"Monocytes","Sat1"
"Tnfsf13os.5",0.00042986544444505,0.509191054917016,0.19,0.021,1,"Monocytes","Tnfsf13os"
"Arap1.8",0.000431173359079364,0.931153757598792,0.524,0.193,1,"Monocytes","Arap1"
"Nfkbiz.9",0.000434618011785874,1.00310604265205,0.524,0.173,1,"Monocytes","Nfkbiz"
"Lipe.10",0.000450087024430484,0.767238874744489,0.381,0.079,1,"Monocytes","Lipe"
"Usf3.5",0.000452427369769546,0.766419783873363,0.286,0.064,1,"Monocytes","Usf3"
"Cd33.12",0.000457398462515226,-1.36397164120257,0.048,0.386,1,"Monocytes","Cd33"
"Ubr4.8",0.000459707149829994,0.786352316416233,0.429,0.141,1,"Monocytes","Ubr4"
"Gm20125",0.00046901295717613,0.295843706634642,0.095,0,1,"Monocytes","Gm20125"
"Fgfr1op2.11",0.000474991424718017,0.839187068679707,0.714,0.397,1,"Monocytes","Fgfr1op2"
"Slk.10",0.000480970372152929,0.672314917535521,0.619,0.221,1,"Monocytes","Slk"
"Tmem37.10",0.000483328147167057,-0.915628997024438,0,0.268,1,"Monocytes","Tmem37"
"Dtnbp1.10",0.000483328147167764,-0.835354602945203,0,0.268,1,"Monocytes","Dtnbp1"
"Supt16.8",0.000496995898598013,0.706503951495021,0.619,0.226,1,"Monocytes","Supt16"
"Hmgb2.12",0.000509547894722284,0.606179893018959,0.952,0.613,1,"Monocytes","Hmgb2"
"Casp1.10",0.000510106003428303,0.813097884497385,0.571,0.219,1,"Monocytes","Casp1"
"Dnase2a.12",0.000529175028871526,-0.781084227060344,0,0.265,1,"Monocytes","Dnase2a"
"Nme2.10",0.000539832785629469,-0.189167865765737,1,0.765,1,"Monocytes","Nme2"
"Slc2a6.8",0.000543637453267796,0.811121531404347,0.333,0.082,1,"Monocytes","Slc2a6"
"Ids.9",0.000554107843617951,0.721816001760963,0.429,0.11,1,"Monocytes","Ids"
"Cx3cr1.12",0.000563811033488263,-0.818446412830875,0.857,0.53,1,"Monocytes","Cx3cr1"
"Cebpd.12",0.000564765260799212,-1.35271497184935,0.048,0.409,1,"Monocytes","Cebpd"
"Sik1.7",0.000567146902264556,0.662823786661937,0.333,0.057,1,"Monocytes","Sik1"
"Ptma.12",0.000568872648057335,0.777173190627199,1,0.849,1,"Monocytes","Ptma"
"Dock5.8",0.000573004850781757,0.654774885047546,0.333,0.057,1,"Monocytes","Dock5"
"P2ry13.11",0.000583218843138058,-1.13248834923115,0,0.262,1,"Monocytes","P2ry13"
"Serpinb6a.6",0.000593578833684689,0.757702558889162,0.333,0.059,1,"Monocytes","Serpinb6a"
"Hexb.12",0.000599454091807356,-3.10266302657921,0.571,0.627,1,"Monocytes","Hexb"
"H2-Q7.10",0.000603425144335417,0.17280457488082,0.619,0.267,1,"Monocytes","H2-Q7"
"Arhgdib.12",0.000604353464626551,0.767648573861304,1,0.822,1,"Monocytes","Arhgdib"
"Pltp.11",0.00061346668407638,0.919581330898258,0.429,0.108,1,"Monocytes","Pltp"
"Dgkh.7",0.000614339093034706,0.687750159026832,0.286,0.039,1,"Monocytes","Dgkh"
"Tmc8.6",0.000614560230760062,0.571101519203073,0.238,0.025,1,"Monocytes","Tmc8"
"Cmpk1.11",0.000618686882667076,0.879863413265627,0.714,0.391,1,"Monocytes","Cmpk1"
"St3gal1.9",0.000637312760608932,0.837615956817513,0.429,0.112,1,"Monocytes","St3gal1"
"Api5.8",0.000645034053178142,0.769555558280988,0.571,0.209,1,"Monocytes","Api5"
"Fundc2.8",0.000647004136801556,-0.721368382475894,0,0.259,1,"Monocytes","Fundc2"
"Xylt1.8",0.000648541685914632,0.839455141804257,0.381,0.084,1,"Monocytes","Xylt1"
"Slc7a8.10",0.000655999806638296,-0.837268595168456,0,0.258,1,"Monocytes","Slc7a8"
"Svil.9",0.000666147970231488,0.634149170293468,0.524,0.161,1,"Monocytes","Svil"
"Fxyd5.12",0.000666804472665324,0.143413522658573,1,0.692,1,"Monocytes","Fxyd5"
"Dhrs13.1",0.000681941613088258,0.426926943891402,0.048,0.007,1,"Monocytes","Dhrs13"
"Tada1.7",0.000704813551588456,0.284565728486788,0.048,0.073,1,"Monocytes","Tada1"
"Cpsf2.7",0.000705073349159042,0.792119856960692,0.429,0.135,1,"Monocytes","Cpsf2"
"Birc6.9",0.000707063821271656,0.885915265883365,0.619,0.273,1,"Monocytes","Birc6"
"Naip2.12",0.000713638300940179,0.948177191851301,0.429,0.219,1,"Monocytes","Naip2"
"Cdc42bpb.9",0.000727625734676816,0.635611848512363,0.238,0.046,1,"Monocytes","Cdc42bpb"
"Tnfrsf13b.10",0.000728367289315285,0.734467381714356,0.286,0.206,1,"Monocytes","Tnfrsf13b"
"Kmt2e.11",0.00074875459194276,0.763984051554533,0.81,0.431,1,"Monocytes","Kmt2e"
"Cited4.4",0.000751868389423757,0.969748016374337,0.095,0.006,1,"Monocytes","Cited4"
"Ctsh.12",0.0007562933115529,-1.28055840217907,0.571,0.715,1,"Monocytes","Ctsh"
"Afdn.6",0.00077055944797877,0.540815205242006,0.238,0.034,1,"Monocytes","Afdn"
"Bnip3.11",0.000779110497136868,-1.25477943222385,0,0.252,1,"Monocytes","Bnip3"
"Hpgd.12",0.000799708312398137,1.3069694060341,0.571,0.244,1,"Monocytes","Hpgd"
"Dcaf7.7",0.00080404599139175,0.702751044272807,0.429,0.118,1,"Monocytes","Dcaf7"
"Cers5.5",0.000816051062305671,0.661554349089998,0.381,0.089,1,"Monocytes","Cers5"
"Klra2.11",0.000828708710409375,0.996293322571308,0.381,0.126,1,"Monocytes","Klra2"
"Wbp4.8",0.000863347680995557,-0.738706178719173,0,0.249,1,"Monocytes","Wbp4"
"Adap2.11",0.000869264821369269,-0.798391905803746,0,0.249,1,"Monocytes","Adap2"
"Spint1.11",0.000875220996164786,-0.774933160070762,0,0.248,1,"Monocytes","Spint1"
"6430548M08Rik.10",0.000883583098492051,0.728555991753123,0.286,0.049,1,"Monocytes","6430548M08Rik"
"Rassf4.10",0.000896656110278528,0.8755321160135,0.619,0.275,1,"Monocytes","Rassf4"
"Il31ra.1",0.000911760813464262,0.336262845667933,0.095,0.001,1,"Monocytes","Il31ra"
"Irf5.11",0.000920975672214556,0.842240518869641,0.619,0.302,1,"Monocytes","Irf5"
"Bcas3.5",0.000930453202910514,0.486325566884099,0.286,0.042,1,"Monocytes","Bcas3"
"Rpp21.12",0.000950044561460752,0.889144119703465,0.571,0.276,1,"Monocytes","Rpp21"
"Gpr34.12",0.000957664520506104,-2.43258429663433,0.048,0.348,1,"Monocytes","Gpr34"
"Polr2g.8",0.000959193250261414,0.735885868454308,0.714,0.345,1,"Monocytes","Polr2g"
"Clec5a.12",0.000962847864100205,-0.8247516425531,0,0.245,1,"Monocytes","Clec5a"
"Arl5c.8",0.000988572211867408,0.600945492660136,0.476,0.137,1,"Monocytes","Arl5c"
"Purb.10",0.00101357030018321,0.770964459515501,0.571,0.378,1,"Monocytes","Purb"
"Ppdpf.9",0.00101928569116064,0.823214760038098,0.571,0.259,1,"Monocytes","Ppdpf"
"Cnot6l.10",0.00103889063733842,0.92641448827012,0.524,0.215,1,"Monocytes","Cnot6l"
"Lrrc8c.11",0.00107509727907173,0.72539486533216,0.333,0.072,1,"Monocytes","Lrrc8c"
"Ankrd44.11",0.00108027736945917,0.83788109825146,0.667,0.298,1,"Monocytes","Ankrd44"
"E2f2.7",0.00108628150478456,0.620386485745362,0.286,0.049,1,"Monocytes","E2f2"
"Gna15.8",0.0010879873368288,-0.762863433103277,0,0.241,1,"Monocytes","Gna15"
"Ncf2.11",0.001091517036027,0.830193472486411,0.667,0.487,1,"Monocytes","Ncf2"
"Rack1.12",0.00109835026001351,0.640928315216445,1,0.852,1,"Monocytes","Rack1"
"BC028528.10",0.00111289389061931,0.810774089184077,0.524,0.262,1,"Monocytes","BC028528"
"Cysltr1.11",0.00111785134556933,-0.696566754983507,0,0.24,1,"Monocytes","Cysltr1"
"Mertk.12",0.00111785134556933,-1.06976063386173,0,0.24,1,"Monocytes","Mertk"
"Camk1.11",0.00113615436522077,-1.18764682028186,0.048,0.381,1,"Monocytes","Camk1"
"Slco2b1.12",0.00114850432595967,-1.03640920323727,0,0.239,1,"Monocytes","Slco2b1"
"Nfe2.7",0.00117165571388932,0.740037369286804,0.238,0.036,1,"Monocytes","Nfe2"
"Ltc4s.12",0.001175195047892,-1.88243656491191,0.048,0.352,1,"Monocytes","Ltc4s"
"Rpl4.12",0.00120996475928357,0.209592585015695,1,0.727,1,"Monocytes","Rpl4"
"Nab1.8",0.00121133510113191,0.784411696752509,0.476,0.16,1,"Monocytes","Nab1"
"Kctd12.11",0.00122418795843347,-1.82904758253056,0.19,0.513,1,"Monocytes","Kctd12"
"Ly6i.11",0.00128168910461235,0.807635591485323,0.476,0.141,1,"Monocytes","Ly6i"
"Pmp22.12",0.001296756919805,-0.947097946689205,0,0.235,1,"Monocytes","Pmp22"
"Tmem176a.11",0.00130032639214043,-1.61673665043067,0.143,0.425,1,"Monocytes","Tmem176a"
"Ppp3r1.7",0.00131233491970094,0.800481580786836,0.429,0.16,1,"Monocytes","Ppp3r1"
"Anxa2.10",0.00131772668339621,-0.194959565716621,0.762,0.472,1,"Monocytes","Anxa2"
"Clec12a.10",0.00132015804091765,0.834202885077261,0.381,0.094,1,"Monocytes","Clec12a"
"Dock11.10",0.0013269642971747,0.749221489841987,0.476,0.147,1,"Monocytes","Dock11"
"Camk2d.11",0.00132773973637309,0.772146918272006,0.429,0.309,1,"Monocytes","Camk2d"
"Gatm.12",0.00133212207515072,-0.829300065943427,0,0.234,1,"Monocytes","Gatm"
"Bach1.12",0.00134588438439344,0.947050768487138,0.619,0.311,1,"Monocytes","Bach1"
"Ecscr.12",0.00135015149356483,-0.98582936326306,0,0.234,1,"Monocytes","Ecscr"
"Kdm7a.8",0.00135473554921552,0.868221360097747,0.571,0.296,1,"Monocytes","Kdm7a"
"Ccm2.9",0.001368592648713,0.871546894633244,0.429,0.131,1,"Monocytes","Ccm2"
"Mef2c.12",0.00137222193331799,-0.0184469576030017,0.762,0.425,1,"Monocytes","Mef2c"
"Arpc2.9",0.00139613739484321,0.630752596714868,0.905,0.859,1,"Monocytes","Arpc2"
"Nsa2.11",0.00140648784714715,0.803669737412037,0.857,0.673,1,"Monocytes","Nsa2"
"Ybx1.9",0.00140698680139769,0.518323310327408,1,0.751,1,"Monocytes","Ybx1"
"Mfsd14b.8",0.00141233416595724,0.793814602036359,0.429,0.128,1,"Monocytes","Mfsd14b"
"Gm5150.10",0.00142250847643116,0.583924836043689,0.429,0.117,1,"Monocytes","Gm5150"
"Bst2.11",0.0014235528158082,-1.76216885567688,0.286,0.599,1,"Monocytes","Bst2"
"Cxcl16.12",0.00142417750010734,-1.35322026365875,0.048,0.375,1,"Monocytes","Cxcl16"
"Tubb6.11",0.00142699782502395,0.665519150847627,0.333,0.104,1,"Monocytes","Tubb6"
"Baz1a.10",0.00143187266523726,0.800147936623849,0.619,0.285,1,"Monocytes","Baz1a"
"Hsp90ab1.11",0.00144347756990886,0.833217526853294,0.952,0.777,1,"Monocytes","Hsp90ab1"
"Ubn2.9",0.00145359619862895,-0.682923406358114,0,0.231,1,"Monocytes","Ubn2"
"H3f3a.12",0.00147721727615607,0.536922948191069,1,0.96,1,"Monocytes","H3f3a"
"Ifitm1.12",0.00148046384893654,-4.2854826410469,0.095,0.409,1,"Monocytes","Ifitm1"
"Tgm3",0.0014821787093743,0.284219936259311,0.095,0.001,1,"Monocytes","Tgm3"
"Dbnl.8",0.00148805000136666,0.780369713044312,0.571,0.328,1,"Monocytes","Dbnl"
"Gpcpd1.7",0.00152979845453896,0.907929847104615,0.381,0.209,1,"Monocytes","Gpcpd1"
"Smox.10",0.00154387757045046,-0.787623798110089,0,0.229,1,"Monocytes","Smox"
"Acaa2.9",0.001562768035482,0.831444210510257,0.381,0.138,1,"Monocytes","Acaa2"
"Lair1.11",0.0015721957503934,0.313774511451381,0.762,0.404,1,"Monocytes","Lair1"
"Apoe.12",0.00157541175240927,-0.273279007583618,1,0.741,1,"Monocytes","Apoe"
"Numb.11",0.00158571651988823,-0.791024381765056,0,0.228,1,"Monocytes","Numb"
"Il1rn.12",0.00159634589921174,-2.11032976090959,0,0.228,1,"Monocytes","Il1rn"
"Nrros.10",0.00161442274648092,0.826773347412313,0.571,0.302,1,"Monocytes","Nrros"
"Mgat4a.12",0.00161781120576692,-0.75405312105824,0,0.227,1,"Monocytes","Mgat4a"
"Ckb.12",0.00164818461806409,-1.69629460980389,0.095,0.436,1,"Monocytes","Ckb"
"Bcl2a1d.9",0.00164945956425244,0.781077885724392,0.429,0.117,1,"Monocytes","Bcl2a1d"
"9130008F23Rik",0.00165668087720463,0.289229840343443,0.095,0.003,1,"Monocytes","9130008F23Rik"
"Ophn1.12",0.00167269954897506,-0.872536588435552,0,0.226,1,"Monocytes","Ophn1"
"Slu7.7",0.00167328581183342,0.848676248816386,0.429,0.155,1,"Monocytes","Slu7"
"Rps27a.12",0.00168942898721386,0.540701686711141,1,0.972,1,"Monocytes","Rps27a"
"Gng2.9",0.00170207092714693,-0.928342262553685,0.048,0.365,1,"Monocytes","Gng2"
"Serpine2.12",0.00176427651369793,-1.04494709740917,0,0.224,1,"Monocytes","Serpine2"
"Mrpl41.7",0.0017642765136988,-0.634574521448394,0,0.224,1,"Monocytes","Mrpl41"
"Ang.11",0.00177605818721819,-0.785370283998226,0,0.224,1,"Monocytes","Ang"
"Ifi27l2a.12",0.0018003138521906,0.339229174195058,0.905,0.553,1,"Monocytes","Ifi27l2a"
"Ier3.12",0.00182543303041999,-2.12460601675332,0.048,0.346,1,"Monocytes","Ier3"
"Hnrnpf.12",0.00182979217362191,0.612670320940231,0.905,0.69,1,"Monocytes","Hnrnpf"
"Themis2.8",0.0018759619925407,0.879322771157993,0.476,0.177,1,"Monocytes","Themis2"
"Kcnab2.9",0.00188438638004261,0.629028633700556,0.238,0.038,1,"Monocytes","Kcnab2"
"Ms4a6d.12",0.00191228934769095,-1.47857290346277,0.143,0.467,1,"Monocytes","Ms4a6d"
"Entpd1.11",0.00195412423546885,-1.29345477872991,0.048,0.366,1,"Monocytes","Entpd1"
"Rb1.11",0.00195417059200469,0.650296504900088,0.476,0.153,1,"Monocytes","Rb1"
"Ccl4.10",0.0019621607688205,-2.98896946597112,0,0.221,1,"Monocytes","Ccl4"
"Zyx.10",0.00196662705345426,0.858175530364798,0.667,0.351,1,"Monocytes","Zyx"
"Map3k1.8",0.00197227855412813,0.806843947270005,0.381,0.208,1,"Monocytes","Map3k1"
"Ccr5.11",0.00197510178484016,-1.36780979933436,0.095,0.429,1,"Monocytes","Ccr5"
"Glrx.8",0.00197521513607383,-0.730049602500897,0,0.22,1,"Monocytes","Glrx"
"Ccdc88a.12",0.00198304974181098,0.954393249527812,0.429,0.174,1,"Monocytes","Ccdc88a"
"Lcn2.12",0.00200157583082458,-4.17883676810209,0,0.22,1,"Monocytes","Lcn2"
"Gm4070.10",0.00201770328789702,0.674912328125363,0.381,0.094,1,"Monocytes","Gm4070"
"Capza1.11",0.0020343409307368,0.721155006075099,0.762,0.46,1,"Monocytes","Capza1"
"Slc15a4.10",0.0020404237254317,0.76541326827076,0.524,0.186,1,"Monocytes","Slc15a4"
"Myl6.11",0.00204289716522148,0.602300077027572,1,0.888,1,"Monocytes","Myl6"
"Ripor2.11",0.0020522733516277,0.46930214642315,0.381,0.106,1,"Monocytes","Ripor2"
"Cd47.12",0.00205583586308387,0.719710855525258,0.905,0.638,1,"Monocytes","Cd47"
"Cers6.11",0.00210291477857582,0.616608826051984,0.476,0.15,1,"Monocytes","Cers6"
"Gpr132.9",0.00210834325412016,0.722616494339139,0.333,0.093,1,"Monocytes","Gpr132"
"Uqcrc1.8",0.00211838031701373,0.750250336155957,0.524,0.284,1,"Monocytes","Uqcrc1"
"Lgals9.12",0.00213813738755681,-1.01498831700947,0.095,0.419,1,"Monocytes","Lgals9"
"Ccnd3.11",0.0021760545307313,0.697114772377139,0.619,0.26,1,"Monocytes","Ccnd3"
"Ripk1.7",0.00219274835736727,0.735471079330695,0.476,0.164,1,"Monocytes","Ripk1"
"Tlr7.10",0.00222667844272705,0.833075666179045,0.476,0.192,1,"Monocytes","Tlr7"
"P2ry10b.9",0.00228539293044282,0.680610370364114,0.286,0.051,1,"Monocytes","P2ry10b"
"Dstyk.10",0.00232191818402567,0.642424122715068,0.333,0.077,1,"Monocytes","Dstyk"
"Tm2d3.9",0.00236113652360702,-0.59059017509472,0,0.214,1,"Monocytes","Tm2d3"
"Pik3ca.7",0.00239060455130341,0.755403452424217,0.381,0.126,1,"Monocytes","Pik3ca"
"Plekhm3.8",0.00242462942068585,0.727041831116183,0.381,0.116,1,"Monocytes","Plekhm3"
"Ptpn12.9",0.00244568183895967,0.762627757956504,0.429,0.129,1,"Monocytes","Ptpn12"
"Man2b1.11",0.00245855698860373,-0.00552143734012978,0.857,0.545,1,"Monocytes","Man2b1"
"Atp6v0b.11",0.0024611557287929,-0.892461291564086,0.714,0.833,1,"Monocytes","Atp6v0b"
"St3gal6.10",0.00247251138995564,-0.810667494200384,0,0.212,1,"Monocytes","St3gal6"
"Agfg1.10",0.00247655486444079,0.742836332663617,0.381,0.141,1,"Monocytes","Agfg1"
"Arhgap26.8",0.00250040800909175,0.483836837105037,0.333,0.073,1,"Monocytes","Arhgap26"
"Csf2ra.11",0.00250085157741188,0.667625259577317,0.762,0.411,1,"Monocytes","Csf2ra"
"G6pdx.11",0.00251235966830453,0.678931823686196,0.286,0.136,1,"Monocytes","G6pdx"
"Ly6a.10",0.00252178189165994,-1.76543249987997,0,0.212,1,"Monocytes","Ly6a"
"Ggct.10",0.00253415197469298,0.718266182400757,0.333,0.074,1,"Monocytes","Ggct"
"Ptpn1.11",0.00253490873288658,0.83609322355964,0.857,0.594,1,"Monocytes","Ptpn1"
"Dab2.11",0.00253841518544012,-0.772970875528355,0,0.211,1,"Monocytes","Dab2"
"Cyp4f13.6",0.00254799428327796,0.663898492916312,0.238,0.056,1,"Monocytes","Cyp4f13"
"Ankrd27.5",0.00256738376526078,0.355773028704185,0.048,0.032,1,"Monocytes","Ankrd27"
"Lpcat4.8",0.00258190197562328,0.36251083437289,0.19,0.019,1,"Monocytes","Lpcat4"
"Arpc1b.9",0.00258286768559476,0.561115575344492,1,0.864,1,"Monocytes","Arpc1b"
"Pycrl.9",0.00260948449225228,0.595712229250076,0.238,0.051,1,"Monocytes","Pycrl"
"Vgll4.8",0.00264046351571247,-0.637655362526059,0,0.21,1,"Monocytes","Vgll4"
"Gpr146.11",0.00264046351571379,-0.61537751822642,0,0.21,1,"Monocytes","Gpr146"
"Rpl12.12",0.0026658181514596,-0.51620390466728,1,0.857,1,"Monocytes","Rpl12"
"Ctss.12",0.00266789738115459,-0.985002749459043,1,0.837,1,"Monocytes","Ctss"
"Cerk.10",0.002675352189901,-0.597490637113046,0,0.21,1,"Monocytes","Cerk"
"Clec4d.12",0.00268317028856067,-1.97040674863543,0.048,0.337,1,"Monocytes","Clec4d"
"Isg15.10",0.00274274204836191,-2.14635383129892,0.048,0.355,1,"Monocytes","Isg15"
"Bhlhe41.12",0.00278271211539071,-0.844277984583477,0,0.208,1,"Monocytes","Bhlhe41"
"Slc16a6.12",0.00280100560417095,-0.691542935823055,0,0.208,1,"Monocytes","Slc16a6"
"Rps27.9",0.00281035325447658,0.479876713192212,1,0.98,1,"Monocytes","Rps27"
"Ttc7b.4",0.00281324180472492,0.473433914399678,0.238,0.034,1,"Monocytes","Ttc7b"
"Rab1b.7",0.00282215220525187,0.694511349372376,0.476,0.206,1,"Monocytes","Rab1b"
"Zc2hc1a.2",0.00282909152893104,0.413001744889479,0.095,0.013,1,"Monocytes","Zc2hc1a"
"Rpl34.12",0.00285345971395526,0.515434723723506,1,0.969,1,"Monocytes","Rpl34"
"Me2.10",0.00285390989057514,0.663287135721179,0.381,0.123,1,"Monocytes","Me2"
"Naa35.10",0.0029132323131726,-0.626207348096415,0,0.207,1,"Monocytes","Naa35"
"Gm6377.9",0.00291596415305148,0.607347510052067,0.19,0.036,1,"Monocytes","Gm6377"
"Rpl3.12",0.00291641400546862,-0.264838084038582,1,0.816,1,"Monocytes","Rpl3"
"Ube2f.9",0.00292211617287203,0.674361737423731,0.429,0.274,1,"Monocytes","Ube2f"
"Tpm4.11",0.00293604859611394,0.953752471662457,0.714,0.404,1,"Monocytes","Tpm4"
"Cd72.10",0.00297096361516593,-0.94690030705286,0,0.206,1,"Monocytes","Cd72"
"Prpf40a.9",0.00297151859980388,0.670286742966027,0.667,0.33,1,"Monocytes","Prpf40a"
"Diaph1.10",0.00299206472037531,0.879442645259667,0.571,0.344,1,"Monocytes","Diaph1"
"Tns3.11",0.00302980030968815,-0.625767669108979,0,0.205,1,"Monocytes","Tns3"
"Tor3a.10",0.00302980030969117,-0.615778493376248,0,0.205,1,"Monocytes","Tor3a"
"Wsb1.12",0.00305886786047556,0.737407301171057,0.667,0.334,1,"Monocytes","Wsb1"
"Pkib.10",0.00308976292284891,-0.604642469129434,0,0.204,1,"Monocytes","Pkib"
"Tcof1.10",0.00317030256567292,0.656468984086281,0.476,0.161,1,"Monocytes","Tcof1"
"Csf2rb2.11",0.00317150067768514,-0.628505594096896,0,0.204,1,"Monocytes","Csf2rb2"
"Limd1.11",0.00318789803002648,0.753171631608722,0.381,0.142,1,"Monocytes","Limd1"
"Tet2.11",0.00322672649297329,0.742214666388395,0.476,0.171,1,"Monocytes","Tet2"
"Gpr84.11",0.00323417236134002,-0.800328126707007,0,0.203,1,"Monocytes","Gpr84"
"Grk6.10",0.00325545009334524,0.782138831797141,0.333,0.094,1,"Monocytes","Grk6"
"Bag3.5",0.00327252456791063,0.535805854667294,0.238,0.038,1,"Monocytes","Bag3"
"Arhgap5.12",0.00330177742747023,-1.44502548281307,0.048,0.324,1,"Monocytes","Arhgap5"
"Abca3.8",0.00330316176876097,0.604135034088879,0.333,0.084,1,"Monocytes","Abca3"
"Hebp1.11",0.00334129625196415,-0.663801481423321,0,0.202,1,"Monocytes","Hebp1"
"Frmd4b.11",0.00334129625196582,-0.687671449060003,0,0.202,1,"Monocytes","Frmd4b"
"Pabpc1.12",0.0034579860307489,0.630395518321362,0.952,0.73,1,"Monocytes","Pabpc1"
"Fadd.5",0.0034857403337242,0.503789476145224,0.238,0.038,1,"Monocytes","Fadd"
"Sp1.7",0.00349933006206153,0.793344843142033,0.381,0.142,1,"Monocytes","Sp1"
"Txndc9.9",0.00350237312771532,-0.552035631982179,0.048,0.318,1,"Monocytes","Txndc9"
"Senp1.8",0.00351657486108439,0.716863833900177,0.286,0.075,1,"Monocytes","Senp1"
"Cxcl2.12",0.00351987031244396,-4.67432432676669,0,0.2,1,"Monocytes","Cxcl2"
"Trem3.12",0.00353801762471233,0.79129197434184,0.429,0.13,1,"Monocytes","Trem3"
"Hp.12",0.00354062225933335,0.270352896464323,0.619,0.281,1,"Monocytes","Hp"
"Stat1.9",0.00356056786979358,0.145191914738471,0.714,0.381,1,"Monocytes","Stat1"
"Cln5.8",0.00356593658217261,-0.593497631612704,0,0.199,1,"Monocytes","Cln5"
"Map3k8.10",0.00357330927076768,0.515462880128455,0.476,0.164,1,"Monocytes","Map3k8"
"Rps19.12",0.00357828259614854,0.582978113613946,1,0.926,1,"Monocytes","Rps19"
"Jpt1.11",0.00359509564318904,0.739932431410632,0.81,0.485,1,"Monocytes","Jpt1"
"Gtf3c1.8",0.00360712438869336,0.271518355566927,0.048,0.064,1,"Monocytes","Gtf3c1"
"Crybb1.12",0.00361258599714052,-0.953776313735615,0,0.199,1,"Monocytes","Crybb1"
"Phyhd1.12",0.00363613162131379,-0.710059411906356,0,0.199,1,"Monocytes","Phyhd1"
"Mrpl33.10",0.0037112741699353,0.773629500634662,0.857,0.622,1,"Monocytes","Mrpl33"
"Htra2.9",0.0037185975439612,0.759836957729669,0.381,0.137,1,"Monocytes","Htra2"
"Kif21b.10",0.00373238964685617,0.706246628046295,0.429,0.137,1,"Monocytes","Kif21b"
"Myl12b.11",0.00387496668455983,0.660861816672819,0.905,0.766,1,"Monocytes","Myl12b"
"Camkk2.12",0.00397325717931166,0.672507874517618,0.333,0.11,1,"Monocytes","Camkk2"
"Fcgr2b.12",0.00405749980569321,-1.09898420387727,0.19,0.529,1,"Monocytes","Fcgr2b"
"Acsl5.6",0.00406815310239161,0.768794734294265,0.381,0.145,1,"Monocytes","Acsl5"
"Myo1c.8",0.00415772539136121,0.620626493959678,0.381,0.115,1,"Monocytes","Myo1c"
"Idh1.9",0.00416064048379712,0.665038960078048,0.381,0.125,1,"Monocytes","Idh1"
"Ticam2.10",0.00418719035524762,0.562717597119735,0.333,0.08,1,"Monocytes","Ticam2"
"Pebp1.9",0.00420008581649742,-0.540126174313104,0.143,0.442,1,"Monocytes","Pebp1"
"Zfp974.4",0.00428811463278749,0.435132163072282,0.143,0.021,1,"Monocytes","Zfp974"
"Chd8.8",0.00429167250642203,0.597596597257069,0.476,0.165,1,"Monocytes","Chd8"
"Pbx3.8",0.00429426425427172,0.631994055336927,0.286,0.064,1,"Monocytes","Pbx3"
"Ggnbp2.9",0.00432498927491406,0.751538899798469,0.381,0.246,1,"Monocytes","Ggnbp2"
"Tor1aip1.12",0.00442909025365712,0.729987930270498,0.762,0.442,1,"Monocytes","Tor1aip1"
"Blnk.12",0.00444440804828708,-0.659522884117765,0,0.191,1,"Monocytes","Blnk"
"Rasgrp1.10",0.00447706277198875,0.603547290009383,0.238,0.04,1,"Monocytes","Rasgrp1"
"S100a11.12",0.00452240728555141,-0.636618315433959,0.81,0.605,1,"Monocytes","S100a11"
"Atxn7.9",0.00455960850072694,0.499431457437108,0.333,0.081,1,"Monocytes","Atxn7"
"Arhgap30.7",0.00456002584118892,0.710876484968819,0.667,0.394,1,"Monocytes","Arhgap30"
"Tbxas1.11",0.00456060139517454,-0.604785146454249,0,0.191,1,"Monocytes","Tbxas1"
"Rnaset2a.11",0.0045643122489108,-0.968400459280934,0.19,0.534,1,"Monocytes","Rnaset2a"
"Ddhd1.5",0.00457376798442881,0.787443384518858,0.19,0.07,1,"Monocytes","Ddhd1"
"Acss2.8",0.00460248168579375,0.640612442400386,0.19,0.029,1,"Monocytes","Acss2"
"Sall1.12",0.00467973554237044,-0.826567374526405,0,0.19,1,"Monocytes","Sall1"
"Set.10",0.0047199212999192,0.491548560673395,0.857,0.519,1,"Monocytes","Set"
"Copb1.9",0.00487457129557333,0.58742427875926,0.571,0.241,1,"Monocytes","Copb1"
"Kptn.7",0.00489252522128866,0.456406294857589,0.19,0.03,1,"Monocytes","Kptn"
"Arhgap9.12",0.004928181595246,0.71564974612173,0.476,0.195,1,"Monocytes","Arhgap9"
"Ninj1.11",0.00493027717771277,-1.54161169560218,0.095,0.389,1,"Monocytes","Ninj1"
"Cebpzos.11",0.00495319994513203,-0.931483583240988,0.048,0.338,1,"Monocytes","Cebpzos"
"Vegfc.1",0.00506319739477757,0.318236125551265,0.095,0.002,1,"Monocytes","Vegfc"
"Fcgr3.11",0.00506389764019746,-1.22691168407372,0.476,0.676,1,"Monocytes","Fcgr3"
"5031439G07Rik.10",0.0050733956188899,0.737212344288557,0.429,0.171,1,"Monocytes","5031439G07Rik"
"Zbtb8os.10",0.00508069617633035,-0.0238787563408469,0.095,0.242,1,"Monocytes","Zbtb8os"
"Psap.12",0.00516249637491384,0.382136264856419,1,0.827,1,"Monocytes","Psap"
"Cwc27.4",0.00518437560409006,0.258537716387733,0.048,0.056,1,"Monocytes","Cwc27"
"Vav3.8",0.00519286494194061,0.594219390033048,0.333,0.085,1,"Monocytes","Vav3"
"Klf3.11",0.00521617461736974,0.723642392370251,0.667,0.333,1,"Monocytes","Klf3"
"Gm43597",0.00522082642646232,0.250255056136649,0.095,0.003,1,"Monocytes","Gm43597"
"Adap1.6",0.00522697830103969,0.650735462397534,0.333,0.098,1,"Monocytes","Adap1"
"Dyrk2.9",0.00524498902399784,0.522406766695364,0.381,0.109,1,"Monocytes","Dyrk2"
"Mef2a.11",0.00533878356389949,0.339661638672043,0.857,0.528,1,"Monocytes","Mef2a"
"Hsd11b1.11",0.00535855103515554,0.315815209373169,0.286,0.074,1,"Monocytes","Hsd11b1"
"Rhoh.11",0.00543907145097548,-1.06462750622259,0.048,0.335,1,"Monocytes","Rhoh"
"Snx5.11",0.00544041755432308,-0.883305926317544,0.143,0.473,1,"Monocytes","Snx5"
"Tubb2a.11",0.00546047759456803,-0.555959835542179,0,0.184,1,"Monocytes","Tubb2a"
"4833407H14Rik.10",0.00549620862682604,0.385738966851443,0.333,0.095,1,"Monocytes","4833407H14Rik"
"Cxcr4.8",0.00551209767242172,0.628242984514774,0.571,0.241,1,"Monocytes","Cxcr4"
"Cd9.11",0.00553994563246636,-1.38754134448951,0.667,0.682,1,"Monocytes","Cd9"
"Rilpl2.9",0.00556653252339115,-0.811237756525243,0,0.183,1,"Monocytes","Rilpl2"
"Ilrun.7",0.00557649483961964,0.723315164398627,0.429,0.166,1,"Monocytes","Ilrun"
"Tpp2.8",0.00568990888613107,0.443091450110816,0.571,0.246,1,"Monocytes","Tpp2"
"Akr1a1.12",0.00571472457709235,-0.948232402124746,0.429,0.632,1,"Monocytes","Akr1a1"
"Sh2b3.10",0.00577072032247266,0.571273181110501,0.476,0.171,1,"Monocytes","Sh2b3"
"Dpp4.9",0.00579747685778201,0.599890869519633,0.19,0.044,1,"Monocytes","Dpp4"
"Pilrb1.10",0.00581356023018395,0.768607076300526,0.286,0.069,1,"Monocytes","Pilrb1"
"I830077J02Rik.11",0.00581907455612536,0.692888487274828,0.381,0.175,1,"Monocytes","I830077J02Rik"
"Ctsz.10",0.00584948891491826,-0.854920491223405,0.952,0.84,1,"Monocytes","Ctsz"
"Rab3il1.11",0.00585724554622488,-0.854528121208979,0.048,0.295,1,"Monocytes","Rab3il1"
"Nav3.12",0.00585920786082695,-0.842928309904408,0,0.181,1,"Monocytes","Nav3"
"Apbb1ip.11",0.00587661081793458,0.471338376736437,0.905,0.603,1,"Monocytes","Apbb1ip"
"Camk2n1.12",0.00593467772979536,-0.76232137230308,0,0.181,1,"Monocytes","Camk2n1"
"Shtn1.10",0.00594675990931426,0.281625691650154,0.048,0.061,1,"Monocytes","Shtn1"
"Spin1.6",0.00597295274439479,0.548800701861493,0.143,0.112,1,"Monocytes","Spin1"
"Hsph1.5",0.00598737988515546,0.792997952702794,0.238,0.052,1,"Monocytes","Hsph1"
"Ankfy1.9",0.00600842623170953,0.606716471442642,0.476,0.178,1,"Monocytes","Ankfy1"
"Cks2.8",0.00602267242775902,0.888319140048481,0.476,0.188,1,"Monocytes","Cks2"
"Itm2c.11",0.006077017465199,-0.982137083404237,0.143,0.464,1,"Monocytes","Itm2c"
"Icam2.9",0.0060791538658302,0.381750144811861,0.048,0.037,1,"Monocytes","Icam2"
"Tctex1d2.11",0.00610573058942695,-0.938475039293576,0.048,0.319,1,"Monocytes","Tctex1d2"
"Eva1b.11",0.00612750289284015,-0.484424511241853,0,0.18,1,"Monocytes","Eva1b"
"Gcnt2.10",0.00618449032545225,0.772968485319978,0.571,0.266,1,"Monocytes","Gcnt2"
"Ndufa11.11",0.00619058264114709,0.718274146841344,0.714,0.454,1,"Monocytes","Ndufa11"
"Tmem176b.11",0.00622425359347045,-1.34745050745703,0.143,0.466,1,"Monocytes","Tmem176b"
"Ebna1bp2.11",0.0062372432495168,0.628712450607323,0.524,0.213,1,"Monocytes","Ebna1bp2"
"Cyb5r1.7",0.00624104159163222,0.587353275989522,0.333,0.087,1,"Monocytes","Cyb5r1"
"Arpc5.10",0.0062760566069448,0.583645200447036,0.952,0.697,1,"Monocytes","Arpc5"
"Atp6v0a1.12",0.0063264029578211,-0.571493150498659,0,0.179,1,"Monocytes","Atp6v0a1"
"Slpi.12",0.0065309733157348,-3.79823856078255,0.048,0.303,1,"Monocytes","Slpi"
"Fbxw4.11",0.00653156464850975,-0.529974578785777,0,0.177,1,"Monocytes","Fbxw4"
"Gde1.12",0.00654700963145689,-0.912136824062236,0.048,0.315,1,"Monocytes","Gde1"
"Pkp4.6",0.00657028322177277,0.341216426278261,0.048,0.032,1,"Monocytes","Pkp4"
"Mydgf.12",0.00672353029818063,-0.830895117577914,0.095,0.401,1,"Monocytes","Mydgf"
"Fam107b.12",0.00673702442790187,0.589225263945449,0.476,0.174,1,"Monocytes","Fam107b"
"Tgfb1.11",0.00681714288586399,0.596894483137479,0.619,0.516,1,"Monocytes","Tgfb1"
"S100a6.11",0.00682557378187551,-0.641559820662674,0.762,0.532,1,"Monocytes","S100a6"
"Gapdh.11",0.0068593094247604,-1.03124320259442,0.905,0.914,1,"Monocytes","Gapdh"
"Plaur.11",0.00688855699632328,0.676645385154674,0.476,0.176,1,"Monocytes","Plaur"
"Sdf2l1.11",0.00689614001805537,-0.931616967077244,0.095,0.4,1,"Monocytes","Sdf2l1"
"Sash3.9",0.00698060916481938,0.618238397265247,0.476,0.185,1,"Monocytes","Sash3"
"Usp2.12",0.0070059180008941,-0.595293000025383,0,0.175,1,"Monocytes","Usp2"
"Hspa8.12",0.00704680608787618,0.571610114591075,0.952,0.799,1,"Monocytes","Hspa8"
"Cttnbp2nl.11",0.00714733774320599,-0.925776397460217,0.048,0.294,1,"Monocytes","Cttnbp2nl"
"Parp14.9",0.00715567171915703,0.29066169958837,0.667,0.338,1,"Monocytes","Parp14"
"Cep128.1",0.00717916868522789,0.407709597707648,0.143,0.012,1,"Monocytes","Cep128"
"Ctsf.12",0.00718657267413645,-0.652368038648235,0,0.174,1,"Monocytes","Ctsf"
"Get4.5",0.00724386650936118,0.237907524859852,0.048,0.08,1,"Monocytes","Get4"
"Sirpb1c.12",0.00725925940068912,0.749305390757971,0.476,0.186,1,"Monocytes","Sirpb1c"
"Rpl10a.11",0.00728384980717817,-0.184230163002226,1,0.831,1,"Monocytes","Rpl10a"
"Ube2v1.8",0.00729375939861605,0.70794043802893,0.476,0.239,1,"Monocytes","Ube2v1"
"Wdhd1.1",0.00729662847504973,0.339422419626517,0.143,0.011,1,"Monocytes","Wdhd1"
"Txn1.11",0.00732036518960388,-1.19929809837184,0.905,0.737,1,"Monocytes","Txn1"
"Elmsan1.10",0.00732068653531819,0.545475220290777,0.333,0.088,1,"Monocytes","Elmsan1"
"Cnn2.10",0.00739653109501169,0.708549245147581,0.571,0.264,1,"Monocytes","Cnn2"
"Lhfpl2.12",0.00741876395781108,-0.610130777237651,0,0.173,1,"Monocytes","Lhfpl2"
"Hnrnpul2.8",0.00746372376757068,0.679653945470363,0.524,0.241,1,"Monocytes","Hnrnpul2"
"Rnf213.9",0.00747855540778983,0.462161371525954,0.571,0.251,1,"Monocytes","Rnf213"
"Ptgs1.12",0.00749856828142113,-1.15553811876415,0.048,0.285,1,"Monocytes","Ptgs1"
"Sgms1.8",0.00755860445183726,0.780654336380296,0.238,0.077,1,"Monocytes","Sgms1"
"Actn4.9",0.00763857405091684,0.625508959466134,0.524,0.219,1,"Monocytes","Actn4"
"H2-DMa.12",0.00766181417824916,-1.2051235484001,0.19,0.481,1,"Monocytes","H2-DMa"
"Acaca.5",0.00767302612077812,0.506227108697978,0.143,0.029,1,"Monocytes","Acaca"
"AA467197.11",0.00769156548917479,-2.18579181400933,0.048,0.274,1,"Monocytes","AA467197"
"H2-Aa.12",0.00770642580936669,-1.43500535294159,0.429,0.238,1,"Monocytes","H2-Aa"
"Axin1.5",0.00772199938193609,0.56145297674643,0.143,0.054,1,"Monocytes","Axin1"
"Pdrg1.10",0.00772505821281462,0.308542136114836,0.143,0.147,1,"Monocytes","Pdrg1"
"Lamtor5.10",0.00774469452098994,0.583182450148275,0.571,0.455,1,"Monocytes","Lamtor5"
"Hcls1.10",0.00777524924949798,0.744209876141759,0.667,0.423,1,"Monocytes","Hcls1"
"D5Ertd579e.9",0.00784358139677131,0.618498470310614,0.238,0.097,1,"Monocytes","D5Ertd579e"
"Slc7a11.12",0.00785521308977614,-1.57434254194217,0,0.171,1,"Monocytes","Slc7a11"
"Eef2.10",0.00787184866115768,0.575977421731552,0.905,0.644,1,"Monocytes","Eef2"
"Dtx4.11",0.00790522102234244,-0.566870283834255,0,0.171,1,"Monocytes","Dtx4"
"Lgals1.12",0.00801921247706265,-1.53613459977413,0.381,0.438,1,"Monocytes","Lgals1"
"H2afy.8",0.00805887538467499,0.645852184131671,0.81,0.502,1,"Monocytes","H2afy"
"Scnn1a.2",0.00807223605827146,0.345063867143698,0.143,0.012,1,"Monocytes","Scnn1a"
"Ntpcr.11",0.00808258005906249,-0.954421365805747,0.095,0.391,1,"Monocytes","Ntpcr"
"Ttyh3.11",0.00811008595984162,0.669650901773557,0.476,0.199,1,"Monocytes","Ttyh3"
"Ddi2.8",0.00814234201758108,0.621130974666803,0.333,0.157,1,"Monocytes","Ddi2"
"Tent5c.10",0.00815994037189982,-0.567687838910926,0,0.169,1,"Monocytes","Tent5c"
"Tm9sf4.8",0.00816103760330184,0.652885361207531,0.476,0.199,1,"Monocytes","Tm9sf4"
"Dst.11",0.0082118334594173,-0.659028183034161,0,0.169,1,"Monocytes","Dst"
"Actg1.12",0.00824253168509993,0.554626243903599,1,0.883,1,"Monocytes","Actg1"
"Brpf1.7",0.00826973880743608,0.640396587267144,0.286,0.118,1,"Monocytes","Brpf1"
"Phgdh.9",0.00831658423521574,-0.594194622623323,0,0.169,1,"Monocytes","Phgdh"
"Smc1a.10",0.00833626711136092,0.743531250585347,0.476,0.235,1,"Monocytes","Smc1a"
"Nuak2.9",0.00841035880635705,0.551927095742518,0.333,0.096,1,"Monocytes","Nuak2"
"Kctd9.3",0.00844399690035194,0.436708202952769,0.143,0.014,1,"Monocytes","Kctd9"
"Sec61g.10",0.00844552174834708,0.219164005395906,1,0.78,1,"Monocytes","Sec61g"
"Dcun1d5.10",0.00845793290702767,0.633811167425763,0.571,0.306,1,"Monocytes","Dcun1d5"
"Smim12.8",0.00847615122264558,-0.451370188136141,0,0.168,1,"Monocytes","Smim12"
"Mgst1.8",0.00849887411080578,0.753142964064485,0.429,0.147,1,"Monocytes","Mgst1"
"Foxk1.5",0.00851137296158467,0.574161939639495,0.238,0.054,1,"Monocytes","Foxk1"
"Cmip.8",0.00852496689278572,0.753359754378337,0.476,0.206,1,"Monocytes","Cmip"
"L3mbtl3.6",0.00855165969158874,0.472544835683875,0.238,0.044,1,"Monocytes","L3mbtl3"
"Gsdma",0.00859794241680408,0.161675824225074,0.048,0,1,"Monocytes","Gsdma"
"Gm45738",0.00859794241680421,0.0688250410369311,0.048,0,1,"Monocytes","Gm45738"
"Gm41724",0.00859794241680997,0.16549817860076,0.048,0,1,"Monocytes","Gm41724"
"Gm20692",0.00859794241681886,0.258104458197655,0.048,0,1,"Monocytes","Gm20692"
"Adgrl3",0.00859794241682112,0.135859875771246,0.048,0,1,"Monocytes","Adgrl3"
"Glt1d1",0.00859794241682115,0.161578875569015,0.048,0,1,"Monocytes","Glt1d1"
"Mapkapk2.11",0.00861741954602682,0.579103835291535,0.667,0.339,1,"Monocytes","Mapkapk2"
"Arg2.12",0.00863869475050468,-0.694816255934193,0,0.167,1,"Monocytes","Arg2"
"Mylip.9",0.00869288364832185,-0.993931757737219,0.048,0.319,1,"Monocytes","Mylip"
"Tmem38b.10",0.00874132980085654,0.724763516762961,0.381,0.128,1,"Monocytes","Tmem38b"
"St6galnac4.10",0.00875609777030715,0.586171968434649,0.476,0.182,1,"Monocytes","St6galnac4"
"Ythdf1.7",0.00877606275293028,0.581910815058124,0.286,0.102,1,"Monocytes","Ythdf1"
"Tspan4.12",0.0088042692034136,-0.552752844485395,0,0.167,1,"Monocytes","Tspan4"
"Papss1.11",0.00880426920342258,-0.511894633027447,0,0.167,1,"Monocytes","Papss1"
"Rpl36a.12",0.00887579307560019,-0.312531407152391,0.952,0.8,1,"Monocytes","Rpl36a"
"Csnk1g3.8",0.0089970661018842,0.401161033856504,0.381,0.122,1,"Monocytes","Csnk1g3"
"Npl.12",0.00902984575975437,-0.681357864062882,0,0.166,1,"Monocytes","Npl"
"Clta.12",0.00908083760454705,-0.776740236061692,0.714,0.863,1,"Monocytes","Clta"
"Dusp5.10",0.00908952990155784,0.763282609087138,0.333,0.095,1,"Monocytes","Dusp5"
"Apobr.10",0.00910198619721502,0.478316965085515,0.476,0.182,1,"Monocytes","Apobr"
"Fam219a.4",0.00913797145717818,0.380207169195544,0.048,0.031,1,"Monocytes","Fam219a"
"Pten.11",0.00915039900235094,0.699066642981715,0.619,0.354,1,"Monocytes","Pten"
"Usp12.8",0.00928935322257257,0.643272123139175,0.476,0.201,1,"Monocytes","Usp12"
"Eif3k.11",0.00933354051037222,0.446271237633677,0.952,0.689,1,"Monocytes","Eif3k"
"Dock2.11",0.00933982887720202,0.499304728949072,0.714,0.384,1,"Monocytes","Dock2"
"Klk8.11",0.0093787925525245,-0.593370343162059,0,0.164,1,"Monocytes","Klk8"
"Hist1h2bc.12",0.00943370066970865,-1.32711356821453,0.048,0.309,1,"Monocytes","Hist1h2bc"
"9330160F10Rik.4",0.00953965563514512,0.370200542706049,0.19,0.027,1,"Monocytes","9330160F10Rik"
"Rgs18.7",0.00957769315688203,0.455285979001534,0.238,0.045,1,"Monocytes","Rgs18"
"Rasgrp3.12",0.00961867980771713,-0.67509139707765,0,0.163,1,"Monocytes","Rasgrp3"
"Syf2.10",0.00962938182973767,0.718766784723676,0.714,0.486,1,"Monocytes","Syf2"
"Pafah1b3.8",0.009740853303151,-0.499594370883143,0,0.163,1,"Monocytes","Pafah1b3"
"Tmem173.12",0.0097833822029549,-0.934032062460691,0.095,0.36,1,"Monocytes","Tmem173"
"Ccdc69.8",0.00978632105585688,0.50527607133883,0.143,0.033,1,"Monocytes","Ccdc69"
"Cryba4.12",0.00986453745407287,-0.608638374577002,0,0.162,1,"Monocytes","Cryba4"
"Lyl1.11",0.00987051853168097,0.698891843619884,0.476,0.203,1,"Monocytes","Lyl1"
